{
    "welcomeFile": "index.html",
<% if(authentication){ -%>
    "authenticationMethod": "route",
<% } else { -%>
    "authenticationMethod": "none",
<% } -%>
    "routes": [
<% if(hana || api || app2appType === "access"){ -%>
        {
            "source": "^/catalog/(.*)$",
            "csrfProtection": false,
<% if(authentication){ -%>
            "authenticationType": "xsuaa",
<% } -%>
<% if(authorization){ -%>
            "scope": "$XSAPPNAME.Viewer",
<% } -%>
            "destination": "<%= projectName %>-srv"
        }
<% if(graphql){ -%>
        ,
        {
            "source": "^/graphql(.*)$",
            "csrfProtection": false,
<% if(authentication){ -%>
            "authenticationType": "xsuaa",
<% } -%>
<% if(authorization){ -%>
            "scope": "$XSAPPNAME.Viewer",
<% } -%>
            "destination": "<%= projectName %>-srv"
        }
<% } -%>
<% if(srv2){ -%>
        ,
        {
            "source": "^/catalog2/(.*)$",
            "csrfProtection": false,
<% if(authentication){ -%>
            "authenticationType": "xsuaa",
<% } -%>
<% if(authorization){ -%>
            "scope": "$XSAPPNAME.Viewer",
<% } -%>
            "destination": "<%= projectName %>-srv2"
        }
<% } -%>
<% if(v2support){ -%>
        ,
        {
            "source": "^/v2/catalog/(.*)$",
            "csrfProtection": false,
<% if(authentication){ -%>
            "authenticationType": "xsuaa",
<% } -%>
<% if(authorization){ -%>
            "scope": "$XSAPPNAME.Viewer",
<% } -%>
            "destination": "<%= projectName %>-srv"
        }
<% } -%>
<% if(schemaName !== '' && hanaTargetHDI === ''){ -%>
        ,
<% } -%>
<% if(hanaTargetHDI !== ''){ -%>
        ,
<% } -%>
<% } -%>
<% if(schemaName !== '' && hanaTargetHDI === ''){ -%>
        {
            "source": "^/<%= schemaName %>/(.*)$",
            "csrfProtection": false,
<% if(authentication){ -%>
            "authenticationType": "xsuaa",
<% } -%>
<% if(authorization){ -%>
            "scope": "$XSAPPNAME.Viewer",
<% } -%>
            "destination": "<%= projectName %>-srv"
        }
<% } -%>
<% if(schemaName !== '' && hanaTargetHDI === '' && v2support){ -%>
        ,
        {
            "source": "^/v2/<%= schemaName %>/(.*)$",
            "csrfProtection": false,
<% if(authentication){ -%>
            "authenticationType": "xsuaa",
<% } -%>
<% if(authorization){ -%>
            "scope": "$XSAPPNAME.Viewer",
<% } -%>
            "destination": "<%= projectName %>-srv"
        }
<% } -%>
<% if(hanaTargetHDI !== ''){ -%>
        {
            "source": "^/<%= hanaTargetHDI %>/(.*)$",
            "csrfProtection": false,
<% if(authentication){ -%>
            "authenticationType": "xsuaa",
<% } -%>
<% if(authorization){ -%>
            "scope": "$XSAPPNAME.Viewer",
<% } -%>
            "destination": "<%= projectName %>-srv"
        }
<% } -%>
<% if(hanaTargetHDI !== '' && v2support){ -%>
        ,
        {
            "source": "^/v2/<%= hanaTargetHDI %>/(.*)$",
            "csrfProtection": false,
<% if(authentication){ -%>
            "authenticationType": "xsuaa",
<% } -%>
<% if(authorization){ -%>
            "scope": "$XSAPPNAME.Viewer",
<% } -%>
            "destination": "<%= projectName %>-srv"
        }
<% } -%>
<% if(srvjs){ -%>
<% if((hana || api || app2appType === "access") || (schemaName !== '' && hanaTargetHDI === '') || hanaTargetHDI !== ''){ -%>
        ,
<% } -%>
        {
            "source": "^/srvjs/(.*)$",
            "csrfProtection": false,
<% if(authentication){ -%>
            "authenticationType": "xsuaa",
<% } -%>
<% if(authorization){ -%>
            "scope": "$XSAPPNAME.Viewer",
<% } -%>
            "destination": "<%= projectName %>-srvjs"
        }
<% } -%>
<% if((hana || api || app2appType === "access") || (schemaName !== '' && hanaTargetHDI === '') || hanaTargetHDI !== '' || srvjs){ -%>
        ,
<% } -%>
        {
            "source": "^/(.*)$",
<% if(authentication){ -%>
            "authenticationType": "xsuaa",
<% } -%>
<% if(authorization){ -%>
            "scope": "$XSAPPNAME.Viewer",
<% } -%>
            "service": "html5-apps-repo-rt"
        }
    ]
}