{
    "welcomeFile": "index.html",
<% if(authentication){ -%>
    "authenticationMethod": "route",
<% } else { -%>
    "authenticationMethod": "none",
<% } -%>
    "routes": [
        {
            "source": "^/catalog/(.*)$",
            "csrfProtection": false,
<% if(authentication){ -%>
            "authenticationType": "xsuaa",
<% } -%>
<% if(authorization){ -%>
            "scope": "$XSAPPNAME.Viewer",
<% } -%>
            "destination": "<%= projectName %>-srv"
        }
<% if(srv2){ -%>
        ,{
            "source": "^/catalog2/(.*)$",
            "csrfProtection": false,
<% if(authentication){ -%>
            "authenticationType": "xsuaa",
<% } -%>
<% if(authorization){ -%>
            "scope": "$XSAPPNAME.Viewer",
<% } -%>
            "destination": "<%= projectName %>-srv2"
        }
<% } -%>
<% if(v2support){ -%>
        ,{
            "source": "^/v2/catalog/(.*)$",
            "csrfProtection": false,
<% if(authentication){ -%>
            "authenticationType": "xsuaa",
<% } -%>
<% if(authorization){ -%>
            "scope": "$XSAPPNAME.Viewer",
<% } -%>
            "destination": "<%= projectName %>-srv"
        }
<% } -%>
<% if(schemaName !== '' && hanaTargetHDI === ''){ -%>
        ,{
            "source": "^/<%= schemaName %>/(.*)$",
            "csrfProtection": false,
<% if(authentication){ -%>
            "authenticationType": "xsuaa",
<% } -%>
<% if(authorization){ -%>
            "scope": "$XSAPPNAME.Viewer",
<% } -%>
            "destination": "<%= projectName %>-srv"
        }
<% } -%>
<% if(schemaName !== '' && hanaTargetHDI === '' && v2support){ -%>
        ,{
            "source": "^/v2/<%= schemaName %>/(.*)$",
            "csrfProtection": false,
<% if(authentication){ -%>
            "authenticationType": "xsuaa",
<% } -%>
<% if(authorization){ -%>
            "scope": "$XSAPPNAME.Viewer",
<% } -%>
            "destination": "<%= projectName %>-srv"
        }
<% } -%>
<% if(hanaTargetHDI !== ''){ -%>
        ,{
            "source": "^/<%= hanaTargetHDI %>/(.*)$",
            "csrfProtection": false,
<% if(authentication){ -%>
            "authenticationType": "xsuaa",
<% } -%>
<% if(authorization){ -%>
            "scope": "$XSAPPNAME.Viewer",
<% } -%>
            "destination": "<%= projectName %>-srv"
        }
<% } -%>
<% if(hanaTargetHDI !== '' && v2support){ -%>
        ,
        {
            "source": "^/v2/<%= hanaTargetHDI %>/(.*)$",
            "csrfProtection": false,
<% if(authentication){ -%>
            "authenticationType": "xsuaa",
<% } -%>
<% if(authorization){ -%>
            "scope": "$XSAPPNAME.Viewer",
<% } -%>
            "destination": "<%= projectName %>-srv"
        }
<% } -%>
<% if(srvjs){ -%>
        ,{
            "source": "^/srvjs/(.*)$",
            "csrfProtection": false,
<% if(authentication){ -%>
            "authenticationType": "xsuaa",
<% } -%>
<% if(authorization){ -%>
            "scope": "$XSAPPNAME.Viewer",
<% } -%>
            "destination": "<%= projectName %>-srvjs"
        }
<% } -%>
        ,{
            "source": "^/resources/(.*)$",
            "target": "/resources/$1",
<% if(authentication){ -%>
            "authenticationType": "none",
<% } -%>
            "destination": "ui5"
        }
        ,{
            "source": "^/test-resources/(.*)$",
            "target": "/test-resources/$1",
<% if(authentication){ -%>
            "authenticationType": "none",
<% } -%>
            "destination": "ui5"
        }
        ,{
            "source": "^/(.*)$",
<% if(authentication){ -%>
            "authenticationType": "xsuaa",
<% } -%>
<% if(authorization){ -%>
            "scope": "$XSAPPNAME.Viewer",
<% } -%>
            "service": "html5-apps-repo-rt"
        }
    ]
}