{
    "xsappname": "<%= projectName %>",
<% if(multiTenant){ -%>
    "tenant-mode": "shared",
    "scopes": [
        {
            "name": "$XSAPPNAME.mtcallback",
            "description": "Subscription via SaaS Registry",
            "grant-as-authority-to-apps": [
                "$XSAPPNAME(application,sap-provisioning,tenant-onboarding)"
            ]
        },
        {
            "name": "$XSAPPNAME.cds.Subscriber",
            "description": "Subscribe to applications"
        },
<% } else { -%>
    "tenant-mode": "dedicated",
    "scopes": [
<% } -%>
        {
            "name": "uaa.user",
            "description": "UAA"
        }
<% if(authorization){ -%>
        ,
        {
            "name": "$XSAPPNAME.Viewer",
<% if(app2appType === "authorize"){ -%>
<% if(app2appMethod.includes("user")){ -%>
            "granted-apps": ["$XSAPPNAME(application,<%= app2appName %>)"],
<% } -%>
<% if(app2appMethod.includes("machine")){ -%>
            "grant-as-authority-to-apps": ["$XSAPPNAME(application,<%= app2appName %>)"],
<% } -%>
<% } -%>
            "description": "Viewer"
        },
        {
            "name": "$XSAPPNAME.Admin",
            "description": "Administrator"
        }
<% } -%>
    ],
<% if(app2appType === "access" || multiTenant){ -%>
<% if(app2appMethod.includes("user")){ -%>
    "foreign-scope-references": ["$ACCEPT_GRANTED_SCOPES"],
<% } -%>
<% if(multiTenant){ -%>
    "authorities-inheritance": false,
<% } -%>
    "authorities": [
<% if(multiTenant){ -%>
        "$XSAPPNAME.cds.Subscriber"
<% } -%>
<% if(app2appMethod.includes("machine")){ -%>
<% if(multiTenant){ -%>
        ,
<% } -%>
        "$ACCEPT_GRANTED_AUTHORITIES"
<% } -%>
    ],
<% } -%>
<% if(attributes){ -%>
    "attributes": [
        {
            "name": "Region",
            "description": "Region",
            "valueType": "string"
        }
    ],
<% } -%>
    "role-templates": [
        {
            "name": "Token_Exchange",
            "description": "UAA Token Exchange",
            "scope-references": [
                "uaa.user"
            ]
        }
<% if(multiTenant){ -%>
        ,
        {
            "name": "Subscriber",
            "description": "Subscriber",
            "scope-references": [
                "$XSAPPNAME.cds.Subscriber"
            ]
        }
<% } -%>
<% if(authorization){ -%>
        ,
        {
            "name": "Viewer",
            "description": "Viewer",
<% if(attributes){ -%>
            "attribute-references": [
                {
                    "name": "Region"
                }
            ],
<% } -%>
            "scope-references": [
                "$XSAPPNAME.Viewer"
            ]
        },
        {
            "name": "Admin",
            "description": "Administrator",
            "scope-references": [
                "$XSAPPNAME.Admin"
            ]
        }
<% } -%>
    ]
<% if(authorization){ -%>
    ,
    "role-collections": [
<% if(multiTenant){ -%>
        {
            "name": "<%= projectName %>_Subscriber",
            "description": "Subscriber access",
            "role-template-references": [
                "$XSAPPNAME.Subscriber"
            ]
        },
<% } -%>
<% if(!attributes){ -%>
        {
            "name": "<%= projectName %>_Viewer",
            "description": "Viewing access",
            "role-template-references": [
                "$XSAPPNAME.Viewer"
            ]
        },
<% } -%>
        {
            "name": "<%= projectName %>_Administrator",
            "description": "Administrative access",
            "role-template-references": [
                "$XSAPPNAME.Admin"
            ]
        }
    ]
<% } -%>
    ,
    "oauth2-configuration": {
        "token-validity": 3600,
        "redirect-uris": [
<% if(customDomain){ -%>
            "https://*-<%= projectName %>-app.<%= customDomain %>/login/callback"
<% } else { -%>
            "https://*-<%= projectName %>-app.cfapps.*.hana.ondemand.com/login/callback"
<% } -%>
        ]
    }
}